{"cameraMode":{"drawMode":0,"name":"Shaded","section":"Shading Mode"},"sceneLighting":false,"audioPlay":false,"sceneViewState":{"m_AlwaysRefresh":false,"showFog":true,"showSkybox":false,"showFlares":true,"showImageEffects":true,"showParticleSystems":true,"showVisualEffectGraphs":true,"m_FxEnabled":true},"in2DMode":false,"pivot":{"x":-0.002825498580932617,"y":3.8311843872070314,"z":0.037313222885131839},"rotation":{"x":0.13997162878513337,"y":-0.3260689973831177,"z":0.048868369311094287,"w":0.9336296916007996},"size":4.366045951843262,"orthographic":false}