{"cameraMode":{"drawMode":0,"name":"Shaded","section":"Shading Mode"},"sceneLighting":true,"audioPlay":false,"sceneViewState":{"m_AlwaysRefresh":false,"showFog":true,"showSkybox":true,"showFlares":true,"showImageEffects":true,"showParticleSystems":true,"showVisualEffectGraphs":true,"m_FxEnabled":true},"in2DMode":false,"pivot":{"x":-13.165984153747559,"y":-0.036580514162778857,"z":-3.834350109100342},"rotation":{"x":-0.039012033492326739,"y":0.8243846893310547,"z":-0.05722260847687721,"w":-0.5618116855621338},"size":14.42959976196289,"orthographic":false}