{"cameraMode":{"drawMode":0,"name":"Shaded","section":"Shading Mode"},"sceneLighting":true,"audioPlay":false,"sceneViewState":{"m_AlwaysRefresh":false,"showFog":true,"showSkybox":true,"showFlares":true,"showImageEffects":true,"showParticleSystems":true,"showVisualEffectGraphs":true,"m_FxEnabled":true},"in2DMode":false,"pivot":{"x":1.986741542816162,"y":3.7764430046081545,"z":-9.210430145263672},"rotation":{"x":0.14424242079257966,"y":0.1187472939491272,"z":-0.017440244555473329,"w":0.9822368025779724},"size":4.457573890686035,"orthographic":false}