{"cameraMode":{"drawMode":0,"name":"Shaded","section":"Shading Mode"},"sceneLighting":true,"audioPlay":false,"sceneViewState":{"m_AlwaysRefresh":false,"showFog":true,"showSkybox":true,"showFlares":true,"showImageEffects":true,"showParticleSystems":true,"showVisualEffectGraphs":true,"m_FxEnabled":true},"in2DMode":false,"pivot":{"x":7.2471747398376469,"y":2.542086362838745,"z":26.577314376831056},"rotation":{"x":0.2882276475429535,"y":0.1432414948940277,"z":-0.04365549236536026,"w":0.9457846879959106},"size":12.344903945922852,"orthographic":false}