{"cameraMode":{"drawMode":0,"name":"Shaded","section":"Shading Mode"},"sceneLighting":true,"audioPlay":false,"sceneViewState":{"m_AlwaysRefresh":false,"showFog":true,"showSkybox":true,"showFlares":true,"showImageEffects":true,"showParticleSystems":true,"showVisualEffectGraphs":true,"m_FxEnabled":true},"in2DMode":false,"pivot":{"x":15.949999809265137,"y":3.6600003242492677,"z":-1.1499998569488526},"rotation":{"x":0.09504217654466629,"y":-0.15139193832874299,"z":0.014628601260483265,"w":0.9837968945503235},"size":5.084115982055664,"orthographic":false}