{"cameraMode":{"drawMode":0,"name":"Shaded","section":"Shading Mode"},"sceneLighting":true,"audioPlay":false,"sceneViewState":{"m_AlwaysRefresh":false,"showFog":true,"showSkybox":true,"showFlares":true,"showImageEffects":true,"showParticleSystems":true,"showVisualEffectGraphs":true,"m_FxEnabled":true},"in2DMode":false,"pivot":{"x":9.057084083557129,"y":7.814198017120361,"z":13.318958282470704},"rotation":{"x":-0.12297575920820236,"y":-0.018758144229650499,"z":0.002325052861124277,"w":-0.9922311305999756},"size":0.0020080956164747478,"orthographic":false}