{"cameraMode":{"drawMode":0,"name":"Shaded","section":"Shading Mode"},"sceneLighting":true,"audioPlay":false,"sceneViewState":{"m_AlwaysRefresh":false,"showFog":true,"showSkybox":true,"showFlares":true,"showImageEffects":true,"showParticleSystems":true,"showVisualEffectGraphs":true,"m_FxEnabled":true},"in2DMode":false,"pivot":{"x":-37.344356536865237,"y":-1.0775871276855469,"z":61.40422058105469},"rotation":{"x":-0.031644776463508609,"y":0.31192028522491457,"z":-0.010370912030339241,"w":-0.9494833946228027},"size":45.75177001953125,"orthographic":false}