{"cameraMode":{"drawMode":0,"name":"Shaded","section":"Shading Mode"},"sceneLighting":true,"audioPlay":false,"sceneViewState":{"m_AlwaysRefresh":false,"showFog":true,"showSkybox":true,"showFlares":true,"showImageEffects":true,"showParticleSystems":true,"showVisualEffectGraphs":true,"m_FxEnabled":true},"in2DMode":false,"pivot":{"x":-5.580876350402832,"y":-2.6454954147338869,"z":2.174506187438965},"rotation":{"x":-0.22435863316059113,"y":0.42459356784820559,"z":-0.10946212708950043,"w":-0.8702707290649414},"size":14.371877670288086,"orthographic":false}