{"cameraMode":{"drawMode":0,"name":"Shaded","section":"Shading Mode"},"sceneLighting":false,"audioPlay":false,"sceneViewState":{"m_AlwaysRefresh":false,"showFog":true,"showSkybox":false,"showFlares":true,"showImageEffects":true,"showParticleSystems":true,"showVisualEffectGraphs":true,"m_FxEnabled":true},"in2DMode":false,"pivot":{"x":-17.602825164794923,"y":3.8711843490600588,"z":26.873947143554689},"rotation":{"x":0.13997162878513337,"y":-0.3260689973831177,"z":0.048868369311094287,"w":0.9336296916007996},"size":4.366045951843262,"orthographic":false}